{
  "oldParams": true,
  "wave_type": 1,
  "p_env_attack": 0.05,
  "p_env_sustain": 0.1695175263648246,
  "p_env_punch": -0.0050597312775980535,
  "p_env_decay": 0.08186803706276959,
  "p_base_freq": 0.18421435301550407,
  "p_freq_limit": 0,
  "p_freq_ramp": 0.02422409433514068,
  "p_freq_dramp": -0.022375443154045882,
  "p_vib_strength": -0.04608660024978367,
  "p_vib_speed": 0,
  "p_arp_mod": -0.03787403738192755,
  "p_arp_speed": 0,
  "p_duty": 1,
  "p_duty_ramp": 0,
  "p_repeat_speed": 0.035298089783385694,
  "p_pha_offset": 0,
  "p_pha_ramp": 0,
  "p_lpf_freq": 0.9860330446116681,
  "p_lpf_ramp": 0.018431517453888963,
  "p_lpf_resonance": 0,
  "p_hpf_freq": 0.13131457440342234,
  "p_hpf_ramp": 0,
  "sound_vol": 0.25,
  "sample_rate": 44100,
  "sample_size": 8,
  "p_vib_delay": null
}